giakit688,cái này 15 mà nhiều người nói 30 thế
ctrnq57,hình 1 đặt rùa bằng x đá bằng y từ đó ta có  x300  y xy  330 giải phương trình x 15 y 315
tranluongquocbao,33030030 ai cãi lên phường 
phananh23122,ảnh đầu 15 ảnh sau 30
em.n1758,ai bảo 15 thì nên học lại lớp 1 nha nhìn là bt 30 r mà cứ bảo 15
kocojdau_,15 toán cấp 1 
sskngss,2 hình là 2 bài toán
trngtntrn588,hiệu 300 tổng 330 cột đá3303002 rùa3303002 toán lớp 45 gì đấy
huytua2852012,60 đúng ko
tunghanoi2,nhìn thế k biết là 30 thì nên đi học lại
theanhpt11,rùa đầu tiên 15 rùa 2 30
ngvietanh08,15 dễ mà nhỉ
thuw_la_nhat,hình 1 thì 15 hình 2 thì 30
nhatanhhoang8,gọi chiều cao rùa là x chiều cao đá là y yx300 1 yx330 2 1y300x 2 300x x330x15 1 y15300 y315 kết luận rùa 15 đá 315
0x6250...cb8b,15 và 30
trivudz,15 trẻ con cx làm đc nx nể các anh 2k17 đoán ra 30
huy610612,hình 2 thấy ai cũng 15 vậy nếu bỏ con rùa trên đá ra thì còn lại 315 có bằng bên kia là 300 nữa đâu
snminh031,gọi chiều cao con rùa là x khi đó chiều cao cả tảng đá là300x vì khi dặt con rùa lên thì thì chiều cao của cả hai là 330nên ta có ptxx300330 kq15 ykr
cocailolon1234,hình 1 30 hình 2 15
nguyn.nht3298,330x300x
dung8710,xcon rùa ytảng đá y 300x yx 330x y330xx330 xy30033030030 nể mấy ông bằng 15 thật
hogntoan,xy 300 xy330  300yy330 2y30  y15rùa  x315 đá
lehoangphuc2207,con rùa đâu ảnh hưởng tới kích thước cục đá bđầu đâu phải ra 30 chứ
user264501892,tổng hiệu  xy 330 xy  300  y15
thongkimideptraihehe,đây là bài toán đánh lừa người xem nhưng nhìn kỹ là thấynếu giải theo bài toàn tổng hiệu học từ lớp 3 sgk chương trình cũ thì ra chiều cao rùa là 15đá 315 nhé mấy anh thần đồng toán học 2k17
notnamvt9,hai hình khác nhau mà có gì khó hiểu ở đây à
abcdaa24,x rùa y đá yx300 yx330 suy ra x15
huy.dinh1801,h1 15h2 30
ebexyunichan2005,30
user6600985471858,hình 1 rùa 15 đá 315 hình 2 rùa 30 đá 330 đúng ko nhỉ
4644nh,gọi rùa là x y là đá bấm hptyx300 và xy330 là ra
binpeach96,đặt x y chi vậy nhìn hình 2 là bít cục đá là 330 rồi nên theo hình 1 thì con rùa 30
lucduy1103,2x330300 x15
tinlm213,h1 300  x y330 x y h2 300  x  y 330 x x  y x là rùa y là đá mời giải 
0trung_nguyen0,hình 1 thì con rùa là x tảng đá là y thì ta có yx300 yx330 vậy con rùa hình 1 15
thxnh1003,15 mâ
hmasdeptraivcl,30 thôi chứ j đâu
juun.d_09,3303002
kuroko169,là z nek hg bt đúng ko nha 33030030 là chiều cao của 2 con rùa mà 30÷2 15 tức là chiều cao 1 con rùa khoảng cách viên đá 30015 315 lập luận ngc lại h1 là hòn đá trừ đi 1 khoảng là độ cao con rùa tức là 31515300 đúng nek hình 2 là hòn đá cộng thêm 1 con rùa 31515300 giống nek
ttlcnnily,15  nếu con rùa 30 thì hình bên trái cục đá  330 rồi
hlinh2157,60 bởi vì là hình đầu tiên bắt đầu tính từ đầu rùa ko phải mặt đất
thanh7086,hình 1 khoản cách từ đầu rùa tới đỉnh của đá là 300 hình 2 là tổng cả chiều cao của rùa và đá là 330 vậy nên đá sẽ là 315 còn rùa sẽ là 15 vì 315 trừ 15  do tính từ đầu rùa sẽ bằng 300 tính từ
hatam.0412,30
leon.ofc12,115cm 230cm
_hanp_953,bức 1 con rủa 15 bức 2 còn rùa 30
layloi_hg90,ảnh 1 15 đá 315 ảnh 2 30 cục đá 330 ko thể sai được
_vta_163,60
papakugau,quan sát kỹ hình chiều cao khối đá đặt là x trừ đi chiều cao của con rùa đặt là y mới bằng 300 chứ k phải chiều cao khối đá bằng 300 vậy ta có xy300 và xy330 nếu là tiểu học thì đây là bài toán tổng hiệu nếu là cấp 2 hay 3 thì đây là vài toán hệ 2 phương trình cứ áp dụng mà giải thì ra khối đá cao 315 còn con rùa cao 15
anhtaxi68kg,con rùa dưới đất tao không quan tâm  con rùa trên đỉnh tảng đá cao 30cm  chắc cú luôn không thể sai được 
giaothuy110712,s t tính ra 60 ta
anhdauvecad,cái đầu 15 cái sau là 30
hayzzta,hình 2 nó còn dễ hơn hình 1 mà nhiều ng mắc sai lầm về thị giác ghê  h2 nó cho sẵn chiều cao cục đá lun r còn gì
rgm.79s.gm.sparta,cái biểu thức ở dưới tôi thấy nó là yxx330 nó ổn hơn đấy
userbulabuliemkukukackac,gọi x là chiều cao rùa 300x x 330 thì x  15
ntah.lh144,115cm 230cm
mihai_.smk,10 cm
user2kdrrya1tj,hình 2 là  x300y  330x  xy  x  30
taofanmuokchua,thật ra là 15 nhớ là từ đầu rùa chứ ko phải từ chân đá
userwyo2th5dkh,hình 1 rùa 15 hình 2 rùa 30
thucanhne1411,rùa là 15cm còn đá là 315cm
actofsevice.09,ảnh 1 rùa 15 đá 315 ảnh 2 rùa 30 đá 330
xlogand,y  x 300 y  x  330  x  15 y  315
minhde2411,hình 2 đá rùa  300 đá rùa rùa  330
nhat_trieuu,nếu bạn nào tư duy một xíu thì ko cần đi tính pt 2 ẩn đâu ạ bạn lấy 330300 nó sẽ ra chiều cao x2 lần con rùa là vì một con đứng dưới đáy một con đứng trên đỉnh 30 sẽ là chiều cao của con ở dưới cộng con ở trên nên mn chia 2 là ra được đáp án  ko quá 30s đâu ạ
trn.minh.c665,15
bpnvl_,cái này học hồi lớp 5 r  cho tổng và hiệu r thì ta có đá  3003302 315
lkminh196,ta có x300 mà x2y330do con rùa đc tính 2 lần suy ra y  15
danghuuthuc2.6,vấn đề là 2 hình có cùng 1 con rùa không nếu cùng con rùa ấy thì cùng đáp án nếu không cùng thì đáp án khác nhau thôi
atoshima2,hình 1  15 hình 2  30
khoand112003,x 300 y  x y  330 bấm máy tính là ra
npkplt,bức màu hồng rùa 15 bức màu vàng rùa 30
jinnwoo205,ab300 2ab330
anhkodepddd,đặt 2 phương trình x là rùa y là đá h1 xy300 h2 xy  330 pt1pt2  2y630  y  315 thay y vào trên x  15
1_gucci.196,2x300330
musername15022010,x là rùa y là đá ta có xy330 hay x330y ta có y300330y suy ra y315 từ đó suy ra x315330 suy ra x15
guppy_37,ảnh 1 là 15 còn ảnh 2 là 30  chắc là vậy
luongz_07,15 và 30 đều đúng cả
futureskhonnan,300       330   315   15
top_1_sv,nhìn kĩ 2 con rùa khác nhau
nghimen5,tìm 2 số khi biết tổng và hiệu số lớn bằng tổng cộng hiệu chia đôi số bé bằng tổng trừ hiệu chia đôi toán tiểu học ko cần x y này nọ phức tạp
congtu284,con đầu 15 con sau 30
vgiatu,15 hay j ak
okbabeccc,hình 1  15 hình 2  30
ppphunganh,x là chiều cao đá y là chiều cao rùa xy  330 xy  300  y y 300  330  2y 30  y 15
tftmobale,1 con 330 2 con cũng 330 nể mấy má kêu 15 
lolo0000.com,30 mà chỉ là đánh tráo khái niệm thôi 
vu_hien2802,cháu t nhìn hình còn bảo bài tổng hiệu này chú
_nm311_,mấy th tính hình 1 là 30 chắc học mới đến lớp 8 còn mấy th tính sai hình 2 lên học lại cấp 1
ndc_1998,nhìn hình đoán đại  hình 1 rùa 15  hinh 2rùa 30 
nguyencaophon,cháu nào tính ko ra 30 ra đây bác khám cho
ledamlluf7h,chuyển con rùa bên phải sang hình bên trái rùa 300rùa330  ruà rùa 33030030 rùa30215
hacxinhtu,hình 1 rùa 15cm tảng đá cao 315cm hình 2 rùa 30cm tảng đá 330cm
31757728201,t chỉ nghĩ là làm ntn mà con rùa leo lên đc tảng đá cao 315 m
miuka_readertarot,x300x300300300 2x300x330x300330 x30
sam95348,yx300 yx330  y315 x15
th.phm2242,đá là 330 rùa là 30
shizu.102,60
henrycuong.8888, h115 h230
tng36784abb,y đá x rùa tính đá hình đầuđá hình sau rùa h1 y300x330x x15 h2 y300x 330xx  x30 h2 bản chất đã cho đá bằng 330
pguc.dat,bằng 30 dễ mà
usergg1dau1me2,ảnh 115 ảnh 230
nt_mao,15
zeb.acphu,xy 300 xy330 tự tính ra thôi
nataliecute2005,30
longphan2304,hình 1 con rùa cao 15 hình 2 con rùa cao 30
y2x827,330cm
carloavveniente,748kg
dangpham210910,60
pand_anh,h1 x300y xy330 x15 h2 x300y x330yx x30
a_kanu,bức 1 thì  rùa 15cm đá 315cm bức 2 thì  rùa 30cm đá 300cm
melegomech00,nhìn bt 30 
nguynthmtuyt8,15
zeitdra,ý ad là câu khó thì tranh nhau trả lời mà câu dễ thì chẳng ai quan tâm à
totfishing2008,30
zernawncurwttao,cái này là toán cấp 1 tìm hai số khi biết tổng và hiệu của hai số đó
yuruzu1208,cục đá là 315 con rùa là 15  ảnh đầu từ đầu con rùa lên là 300 rùa 15 cục đá 315  ảnh 2 cục đá là 315 con rùa 15 330
quang12215,x đá bằng 330đá x300rùa 15dad 315
khi.khi215,60
hetaiartist_go.br,15
userakez6rrfez,30
lamdai1059,ảnh 1 từ đỉnh đầu con rùa tới đỉnh đá ảnh 2 là mất 1 con rùa ở dưới với  còn ở trên  mới bằng 30 30 chia 2 con rùa là 15
tranphong17032k4,nguyên cục đá đó là 315 rồi thằng nào khôn vào đây cãi với t 
khanhhungheheboy,gọi chiều cao con rùa là x vậy có chiều cao tản đá là x300 chiều cao con rùa tản đá là x300x hay x2300 vậy ta có pt là x2300330 x15
penaldo1100,3302x300 x15 cm
giyushino0607,ủa sao thấy thế 15 hay 30 vô đều đúng v giải cíu
duybeo2828,hình 1 gọi chiều cao của con rùa x ta có pt 330x300x 330300 2x x15vậy x15 là nghiệm của pt hình 2 gọi chiều cao con rùa là x ta có pt 300x330 x 30
unagysk14527,hình 1 15 hình 2 30
maiyeuminyoongi,toán lớp 4
psgbi,15
bvtiuhmknhat,đề 1 rùa 15 đề 2 rùa 10
tropicalscape,rùa 1 cao 15 rùa 2 cao 30
_thuc.tt_,15 mà v  h1 là đỉnh đá tới đầu rùa 300 nhìn kĩ chứ k là tưởng tới chân rùa300 
12345678901pna,đr3001 đr3302 lấy 21 ta được 2r30 r15
juntangshiya,đầu 15 sau 30
babiiblue05,xy300 xxy330 x30 y270
phuc.ngo4801,gọi rùa là x ta đc ptrinh x300330x xx330300 2x30 x15ko bt đúng ko
ender_2003,hình 2 nó tính từ đầu con rùa chứ ko phải tính từ mặt đất nên là 15 nha nhìn ko kĩ cứ tính từ mặt đất đi lên nên ra 30  chứ nó là 15 à
lunfa40,hình 1 rùa 15 đá 315 hình 2 rùa 30 đá 330
goodboyzreal,15
t.p.gi.nht.th.gi,t hỏi chatgtp r 30
nhh15012009,bài toán tổng hiệu c1
moutherfocker,quên tổng hiệu gì đó mà lấy bên trái chồng lên bên phải là thấy đá bằng 315 rồi tính rùa
boy123gdgggh,60 
dtnguyenvu12,bài toán tổng hiệu của lớp 4
tiende_trung_khanh,rùa  15
hoanganh71926,đơn giản đến mức các thánh phải dùng công thức
nguyenduy97,giải theo cách tính của hs lớp 4 dạng toán tổng hiệu đá th2315cm rùa 33031515cm
beallyoucanbe666,toán tổng hiệu của cấp 1
longngu572,15
kak6789,rùa 30 đá 330 nhé  hình 2 trừ hình 1 thì sẽ ra rùa  30  rùa 30300  đá 330
_kofyy.128,bài toán tổng hiệu lớp 3 nhé số bé tổng hiệu2
v.phat563,rùa 15cmtoán tổng hiệu cấp 1
cuba2805,hình 1  gọi rùa là x ta có pt x300330x 2x33030030  30  2  15 vậy ta có kết quả rùa 15
qq11121985,đá cao 315cm rùa thì tôi không biết 
user4711109594113,2 hình khác nhau nên có 2 đáp án các bác tranh luận gắt thếh1 rùa 30 hình 2 rùa 15 cứ thấy 15 với 30
sadmusic2360,bằng 15
.tiktok.com723,nghĩ đơn giản thôi đó là 30
baolovebar,cái này là toán tổng hiệu cấp 1
shin_73.qb,15
kyritos3,ảnh 2 chỉ cần lấy 330300
laphades,công thức là 1 chuyện hiểu lại là chuyện khác
truonganh1225,bài toán tổng hiệu
fahri_wahsa,270cm
cctv4769,bruhh toán cấp 1 trêu tau à bài tổng hiệu luôn mà 
obito0802,toán khi biết tổng hiệu của số lớn số bé
lordplagi,1 15 2 30 у кого ни так учите математику
pick_a_fun_username,its js 30 cm
pelmeshekchebures,так второе по сути легче
jlponce1107,no hace falta hacer ninguna operación la tortuga mide 30
boo5months,its 60
aineas79,picture 1 15cm picture 2 30cm
alex._207_,la roca 315 y la tortuga 15
slurpzinm,x  y  300 x  y  330 x  300  y 300 y  y  330 300  2y  330 2y  30 y 15
monstro301,rockturtle30  rockturtle 302 turtle turtle  15
abbbbbyrtji,300х330х 2х30 х15
removerdijk2005,15 cm this aint hard
little.silver.star,в первом черепаха 15 во втором 30 задача класса для второго не больше
xuanlox,no tiene solución porque es imposible que una tortuga no tiene un salto tan poderoso como para subirse a esa roca
user049716299,continua sendo 30
hakermakerhopa_2007,я не понимаю людей у которых на второй картинке черепаха 30 в обоих случаях она 15
venik0421,везде 30
eblan_392,везде 30 вы что 
blmbarce,its 15
juanpabloguerra805,el segundo es más fácil que el primero
hahanya0,xy330 x y 300   2y  30 y  15
gretzi08,how yall getting 15
alex_18198,черепаха 15 см гора 315
edoardoepi,15 easy
maykop6,60 см
abeliocid,la primera 15cm cada tortuga y la segunda 30cm cada una
tysonboss3828,1 x  y  300 2 x  y  y  330 330  300  30 yv 330 x  y  300
t0n1.69,30270300 and 3027030330 easy
dede_464,115 230
my.name.is.here7,330cm300cm30cm 30cm÷215cm the turtle in the first slide is 15cm
asafepires4,a primeira e 15 e a segunda e 30
water_pipee,fist 15 second 30
amadeusley,la tortuga mide 60
sodaice729,รูปแรก 15 รูปสอง 30
heheshkaa0,так это 15 вы что все
men.mandarin0,нету точного ответа есть предложение ответа а так это очень даже интересно
leon.ufnalewski,60
user6547495109924,มันก็30อยู่ดีป่ะมีเต่าอยู่ข้างล่างอีกตัวไม่ได้แปลว่าเต่าด้านบนจะเตี้ยลง
renza1098,slide 2 g usah dihitung lagi kan 12 berarti kura kura tinggi 2tinggi 1 30
erhannbozkurt,ölçüler aynı yerden başladığı için boy farkı ortada 30
antek.xd54,easy 15
kazak4730,рост черипахи 30см
wenbl,60 смотрите внимательно на стрелки она идёт до черепахи и не проходит сквозь
tiktok_anj___,gambar 1 tinggi batunya tuh 300cm nah dan gambar 2 kura kura nya diatasdan nambah 30cm jadi ya kura kura nya 30cmbener gakkalo salah koreksi
user6720928155544,1 30 2 30
xs_sarahh,o primeiro é trinta e o segundo 15
eraxxsyyl,челы учите математику будет 60см
13nu._,xy300 xy330 2x30 x15
adlane125,الاجابة السلحفات في كلتا الصورتين تساوي 30
a7jkp07,góra ma 315 a żółw 15
maxyloverr,30
person8425,1은 15 2는 30아님
_.phi.phi._,y300x yx330 on en déduit x 15 cm hauteur tortue y315 hauteur rocher
yahanna3010,en la primera 15 en la segunda 30
stelh_original,але люди если у вас черепаха 30 то значит в случае где будет черепаха на камне вообще 360 будет
danzigmetro,на обе 15
egorohzojfy,да почему 15 то
user11775571562771,it can be any number
tost7447578356,камень 270 черепаха 30
user1419462042063,вторая задача даже легче
wirshstafnm,seria 60 no
1stpizzalover,both are the same the starting point just shifts resulting in the rock being smaller in the second image
mars1447,não entendi nem oq é pra calcular
amiradamir1,rock 315 turtle 15
tut_ty_umer,кч300 кч330 кч300 кч30300 кчкч30 2ч30 ч15
jfjfhfntjfjrhfbfhfjfhrh,15
xbvgkgsnzhc,30 оно же по сути такое же
super_animeart3,15
adilzhan893,и там и там 30 получается
yfd_9366,في الصورة الاولى  ؟15 في الصورة الثانية ؟30
abdelmadjed_dz_19,15
j__2467,15 30
romeu_dog,15
nataeeee_s,300х330х хх330300 2х30 х 302 х15
monad_k,60
gotime565,หิน315 เต่า15
user372928696,черепаха 15
user11819818463170,и там и твм 15 люди
tasyga,скала 315 черепаха 15
merhoms,в обох 30
doxfrix,30
nicholas.souza,o primeiro é 15 e o segundo é 30
monika.manukyan22,300от головы черепахи до вершины камняхещё одна черепаха сверху330 300х330 х330300 х30рост черепахи чё сложного
heehora,15 30
farawy12,xy3001 xy3302 12  2y30  y15 x315 หิน  315 เต่า  15
casstiil,черепаха 30см
sigma.aura1000,a 30 b 40 c 69
petrushka_12_,1 300х330х 2х330300 2х30 х15
josemvx_,song name all around me majed remix  majed
dedhottabich,там чёртова под камнем а не на черепахе это означает что камень без черепахи 300 а с черепахой 330 33030030см черепаха
a4485rufjrj,15
user9204139380121,60 вы гении
mamkaeb5269,60см легкая задачка
gamerlexxd,ambos son 15 el segundo también porque en el primero mide 3 metros sin contar la parte donde está la tortuga si medimos de arriba pa abajo contando la tortuga de la primera son 15 centímetros que se
ange1225q,160 230
whiteorion123,итак начнем по теореме косинусов
nearly..na,в первом 15 второе мне лень
billl9337,160 230
cronado08,a resposta da primeira e 15 e da segunda e 30
megatronus60,15
lm_th3._best,30
gab00636,15
d052723,60
marcelkusio3,30
poetmatebal,1 30 2 15
itz.chwalek,15
arabebanihahah,так обе 15 вы чего
marius.909,the turtel is 15cm and the rock is also 15cm
neymar6725,2x300330 ×15
uchiha_emil,15 very easy
666batler999,рост черепахи 30 с низу черепаха рост не прибавляет 
mako._.129,15と30
__s0cr4m__,mide 15
deedster_zxc,мне лень
dipxii_qwx,1 15 2 15
cempaika,так че поменялось
atiaf_57,السلحفة _15 الحجره _315
pedroca8273,60
ahemyz,30
erhan_soylemez,i̇lk resimdeki kaplumbağa 15 cm ikinci resimdeki kaplumbağa 30 cm
ikaroaguilar,15cm obvio 
faka_foxy,1 15 2 15 15151530
diego54150,30
franciscotorres5440, por dios no es tan difícil es un sistema de ecuaciones lineales y los que supuestamente responden lo hacen mal 
airamgg03,mide 60
val_thecosplayer.08,30 for both
shpynia2018,1 3002х330 2х30 х15 2 300х330 х 30
p0drecortes,resposta 15
usa.worraphat.1,30
num_ayos,turtle 15  rock 315
yliia_oliinyk,1 черепаха 15 камінь 315 31515300 31515330 2 в обох каменях внизу стоїть черепаха  вона ні на що не впливає висота збільшується на 1 черепаху 30 см значить черепаха 2  30 см
titans710,60
danyelmorais6,30 não importa o tamanho da tartaruga o ponto chave sempre foi o chão com a altura da pedra
rambodonat,15 получается
hordeimperia,stone  turtle  300 stone  turtle  330 315  15  300 315  15  330 turtle  15
christian.flores0899,tortuga 15 
orarur,камень 300 черепаха 30 см спор закрыт
lakuriopaopa,1 300x330x 2x30 x15 거북이15cm 2 300x330xx x30 거북이30
anjo_86,rocay315cm tortugax15cm 300xy  xy330
zacep_v_rb,а что изменилось
adanlasheras,en la primera es 15 y en la segunda es 30
soeine91,1 60 2 30
la.leona40,la piedra mide 315 y la tortuga mide 15
cristianebarbo0,15
jorge_nionaldo,wey saque me de la duda pensé q era 30 pero la medida es desde la tortuga de abajo y ahora creo q es 15
ervayldzzz,60
sinanbekirozdemir.2,60
user1624473710686,60
aungaung11_12,15
_dildosh,скала 315см черепаха 15 поэтому если от черепахи до верхушки будет 300 а если плюсануть рост черепашки будет 330
_user301120,kayakap300 kayakap330 2kaya 630 1 kaya 315 kaplumbağa 15 olur
_mr.usman_,x  y  300 x  y  330 x300 y 300  y  y330 300  2y 330 2y  33030030 y  30215
patrickgarro508,60
ukeeveid0,1 15 2 30
framboise451,picture 1  15 cm picture 2  30 cm
alessandropinna108,la tartaruga è alta 15 cm
user124861400,60
csungule3,the 2nd one is easier 
kacpe329,30
user2054612092976,60
history_blogers9,в 1 отмеряют от высоты черепахито есть часть камня 300 во втором меряют высоту камня с высотой черепахи 330 высота черепахи 330300215потомучто условно во2кадре две высоты черепахи и частькамня
dedys711,от головы черепахи до конца камня 300 получается 300 х330х 2х330300 2х30 х15
kkk924614,300х330х 2х30 черепаха 15 в обоих у кого не так сочувствую
lopera1812,es 15 verdad 
strangersuniverse,330х3002х 3303002хх 30х 30
empanada._.3,la roca 270 y la tortuga 30
eziah36,15
syamsam03,15
x_bober_120fps_x,sinik7 кому букет цветочков  и колечко 
whigkh,на первом 15 на втором 30
teqilawq,15
thefault.joga,a tartaruga tem 15cm de altura
humble_pharmacist2,1st slide 15cm 2nd slide 30cm
sparta_18,la tortuga sigue midiendo 30 no
romb_official_rts,15 и 30
giuseppefiocca,ho letto i commenti e mi tocca dare la risposta15 è ovvio
sul001700,160 230
raffpizza,rt 300 r300t 2t330300 t30215
bone_judger,its definitely over average
drakoshazlyka,60
user3975411287558,30
agaevrovshan,15
gery2498,xy300 xy330 x yy330300 2y302 y15
user6155153600478,30÷215
amelianietomarin,15
user1296172203133,130 230
sinsolar,300x2x330  3x30 and x10
hopzen7,rock  turtle  300 rock  turtle  330  300  turtle  turtle  330  2turtle  30  turtle  15
user3508437927251,15 легко
arex510,0
uncharted_28,15
oumnorak,capture 1 answer15 capture 2 answer30
palinsek8eg,15 это не 2 варианта это две картинки для одной задачи
tim_chuchumbra,15 без уровнения
ria_vivaldi,30
notlittle91,1  черепашка 15 см 2 черепашка 30 см кто внимательный и учил математику сюда 
goncalo769,30
ptitbiscuit91640,15 cm easy
strukyt,both 30 beide 30
piotr2756,300330 300330 300 30
astro1.2_,30
erne_brizis8,15
a0vlm,30 см
lhenasimps,30
lukyy2821,30см
6kantif9,15 см
joshua99956,30
oscar.lobato.gaon,its 15
user8601900804912,а линейка для кого
filip.kuzmyk,15
daxor123,turtle is 60
mohammed012347,۱۵
kebababab3,30
football.player283,15
lquyen289,có ai nói h2 đá cao 300 cm đâu mà mấy ba tính ra rùa 30 hai hình là dữ kiện để tính con rùa
crazy.house_pubg,ответь 30  на первом кадре с черепахи считается сама скала 300см на втором кадре черепаха на скале 30030330 значит черепаха 30
ilienvgnw0l,ответ 60 сантиметров
1488zov1488,60
stant_drift_gg,60
spikushechka,15
imademonslayercat,first one 15cm and the second one 30cm
deft1zzz,15 is the only one true answer
yusika23.61,2not ansver
userwdqqgkzfwx,30 30
rastamouse632,1
fateme.sadat.mahm,330300÷215
bejjdj.hcy,30
mr_kot.12,30
sparrow_319_,1530
bro_soon_is_monday,60
dima_solominov,15 в обоих случаях
tourniquet_kh.13,15
a.ra.ara,xy300
nazarchik2847,30
leraa537647474,з ким вогник
ggg927492,270
nurmatov100k1,15
baxonsalzh,60
badcuyo,1530
koli4k,70
eltrapokun0,cada tortuga mide 30
giorgitorchinava,20
giorgitorchinava,20
manga...kaz,30
user2921697224093,360
user6737107887848,30
yeahhhhhh.143,там будет 60
1.takibci_yayini,15
dyax8prubhc7,в первом 15 во втором 30
_krasav4ik,15
pelmenchiky12,330 просто камінь тому 30 черепаха
xteryan,15
badvsboy00,а разве не 60
saude.mental.0,os dois são 30
monarch_196,15 черепаха
rikkii_w,в комментариях эйнштейны
dezomanime,в обеих черепаха 15см скала 315см
user46543424,15 cm con la pestaña
rios_.jose190,15
rios_.jose190,vale 14
tiritop5,30
jon93283,15
mamatisaqov.muham,15
luisesparza1973,15
kudakidayo,15
nudijirachaya.2556,15
s_x_khalil,15
amwvip,15
ncolas606,15
tw_ikun8,15
ivan_zzzz15,15 y 30 al ojo
2yildizalp,60
user998691813,160 тк стрелка идет не до земли а до черепахи 230 тоже не до земли в до черепахи поэтому х330х²
frank_gramuglia_fanpage,15
martin.wall419,15
soksovantha6,30033030÷215
bennyboykung,15 
baiko2024,60
memmedovs02,60
roy.hrtd,sale 15
nightexodus,left facing is 60cm right facing is 30cm but the question doesnt ask for the height of the right facing only the left
rafael.marquione,15
dryslim360,não entendi
danyrocha52,15
fallazero,15 y 30
alice_machado16,os dois são 30
_nanda__ofc_,o segundo é 330
newen_eby,15
niko_mtb,15 è semplice
mitsosmark.mark,30 both
jv_3dits,30
liam.bernd,15
islam_brk_,15 
aleksei2135,15
astoni060,60
ali.isko3,30
azrayim666,45
jaiplusdinspi35,on peut pas savoir la tortue elle peut avoir une poussée de croissance à tout moment 
revan.ibrahimli10,15
timeatimea18,15
timeatimea18,150
user49701223294927,решение ху330 ху300 х3303002315 33031515 все легко будут вопросы отвечу но они здесь и не нужны
hallojonas,60
kashallot_935,30
apollo.bs123,yx  300 y  x  330 2y  630 y 315 330315  15 or x
maconheiro_fantasm,o primeiro na segunda medida deveria ser 360 pq ele media a pedra até a tartaruga n o chão
jolseit,15
tekdrak,60
riquelmeritter,15
intj447,15
arist0tellis,15
arist0tellis,15
omar_turlybai,30см
alex.bhrnds,30
adriannoob3729,0
kev4033,15
anasdana34,25
huseyinkaral07scw,60
foxguy_749,2 невозможно могу объяснить
user2383180178461,15
erikalexiscolques,aquí si esta bien yo había visto un video que le faltaba la tortuga de abajo xd
justinapolong123,the size of the rock is 300cm meaning the size of the turtle is 30cm just because there is a turtle below the rock on picture 2 doesnt change its size as the rock is unchanged
zxcvertal,15
josephmorphium,15 and second is 30
abdullah_srr,15
im_gay._.012,15
paisooon,30 porq si la primera mide 30 incluyendo la tortuga lo mismo pero con una tortuga da 30  debería ser 30
r33skyleon,die gestellte frage mit den gegebenen informationen gar nicht lösbar
hikmetgence01,15см
michaelknzel,15
kobedu76,30
milan.ara13k13,15
user2993717433159,15
carlottascaramuza,15
ponga974,15cm
riquelmeritter,15
intj447,15
arist0tellis,15
arist0tellis,15
omar_turlybai,30см
alex.bhrnds,30
f_editzaep,15 cm
priv.valente,30cm
tordd._7,
kev4033,15
adriannoob3729,0
anasdana34,25cm
anasdana34,25
davoavetyan12,в этом мире не осталось умных людей это уравнение с двумя переменными xy330 xy300 x330y 2y30 y15 x315 все просто зачем усложнять
a_kanu,bức 1 thì  rùa 15cm đá 315cm bức 2 thì  rùa 30cm đá 300cm
carlosyaanes_,
maiyeuminyoongi,toán lớp 4
huseyinkaral07scw,60
luanalmeida9748,60cm
mfh_7_partein,60 cm
dashvlx,
lamdai1059,ảnh 1 từ đỉnh đầu con rùa tới đỉnh đá ảnh 2 là mất 1 con rùa ở dưới với  còn ở trên  mới bằng 30 30 chia 2 con rùa là 15
martin.m57,15cm
foxguy_749,2 невозможно могу объяснить
user2383180178461,15
oksertv,60cm
erikalexiscolques,aquí si esta bien yo había visto un video que le faltaba la tortuga de abajo xd
justinapolong123,the size of the rock is 300cm meaning the size of the turtle is 30cm just because there is a turtle below the rock on picture 2 doesnt change its size as the rock is unchanged
unagysk14527,hình 1 15 hình 2 30
zxcvertal,15
josephmorphium,15 and second is 30
abdullah_srr,15
tamerd85,60cm
bastin2334,30
im_gay._.012,15
paisooon,30 porq si la primera mide 30 incluyendo la tortuga lo mismo pero con una tortuga da 30  debería ser 30
tiende_trung_khanh,ta có hai phương trình 1 x  300  y 2 y  x  330 thay thế phương trình 1 vào phương trình 2 ta có x  300  x  330 kết hợp như sau 2x  300  330 trừ 300 từ cả hai bên 2x  30 chia cả
r33skyleon,die gestellte frage mit den gegebenen informationen gar nicht lösbar
hikmetgence01,15см
michaelknzel,15
kobedu76,30
sm.guillermo,primera imagen roca 315 tortuga 15 segunda imagen roca 330 tortuga 30
tiende_trung_khanh,rùa  15
milan.ara13k13,15
user2993717433159,15
carlottascaramuza,15
duybeo2828,hình 1 gọi chiều cao của con rùa x ta có pt 330x300x 330300 2x x15vậy x15 là nghiệm của pt hình 2 gọi chiều cao con rùa là x ta có pt 300x330 x 30
atomphonre,60
metro_3077,
k1320m2,30
eiuden,60
neosenneback0,turtle15 rocks315
longphan2304,hình 1 con rùa cao 15 hình 2 con rùa cao 30
mehemidhassan143,30 100 sure
pariii969,60cm
koteukam9lf,ух300 ху330 от сюда ускала 300х и х300х330 2х300330 2х 30 хчерепаха 15 ху330 подставляем 15у330 от сюда у 33015 и равег 315 проверка ух 300 то есть 31515 300 верно
giyushino0607,ủa sao thấy thế 15 hay 30 vô đều đúng v giải cíu
player71820,110 2 20
th.tm.coi,15 cm
t.p.gi.nht.th.gi,t hỏi chatgtp r 30
robertp7911,15cm
arale32_,
zakirdautov,
usero74jrr20om,15
listillo8,una tortuga no puede subir a esa piedra
lotta8073,15
ripobraun1, 15 cm 
libya3166,الإجابة في الصورتين 30 من يو وافق
hetaiartist_go.br,15
superhetero12,é do tamanho de uma tartaruga
ptqpcrlh,15
peter.gazdk5,60cm
victorwerneke,a tartaruga tem 15cm e a pedra tem 315cm
noname769755,15
userjvin93d1i0,15
gaby_dardalhon,à lœil jai mesuré 60
stayhereaslongaspossible,
antoninocacace0,30
khanhhungheheboy,gọi chiều cao con rùa là x vậy có chiều cao tản đá là x300 chiều cao con rùa tản đá là x300x hay x2300 vậy ta có pt là x2300330 x15
like.agod,15
lincios,15
kkkk30304,60
tio_san157,60
jasikffkz,15
brus.191,30 aquí
luigifazzino1,60 cm
_fontes69,15
juboland,i am depressed by the school level today
liquizell,42
riuki.moon,15
tbruck67,15
history.in.detail,х камень у черепаха ху330 ху300 х300у 300уу330 2у330300 2у30 у15
brandwilli1,15cm
.._.._.._21,1530
juicewrldfanpage09,15
massimo.inturrisi.foto,il masso ha unaltezza di 315 la tartaruga di 15
bobby8242,пооаьв1 x  y  300 2 x  y  y  330 330  300  30 yv 330 x  y  300
simi39705,360
user2192270208468,tartaruga 15cm
mudasir_manjhoo,15
diyar.srd,x15 cm
midnight.fox0,15cm
d0slla,клянитесь
velizar.tanchev,15
elias.blochberger,15 cm
legolas0835,15
zeitdra,ý ad là câu khó thì tranh nhau trả lời mà câu dễ thì chẳng ai quan tâm à
maciejkonkol616,15
user2380334290831,15
shko_pey,الصورة الاولة طول السلححفات 15 الصورة الثانية طولها 30
m_.y.16,15
melanhkolinka,
cristianelfotbollista,130 215
cristianelfotbollista,30cm
bekmurat0881,60й
lav.ivanovi,60 30
javad1472,x  y  xy300 xy330 2x630 x315 y15
.19880921888,15см
v_4_m_p_z,15
mustafaozden_55,60 cm
senka.ksenka,
onzze435,15cm
audrius.adamonis,30
neszyys,30
boy123gdgggh,60 
agurban4,15см
harrisic.com,60
andriy_47,60
calabrianmapper.f,its 20
kilian.kurz,15cm
rgm.79s.gm.sparta,cái biểu thức ở dưới tôi thấy nó là yxx330 nó ổn hơn đấy
ibrahimk0661,60
en._.zo26,15
fabiobalestracci,15 cm
dodina_16,15
longngu572,15
amartim.07,15
spookyy08,20
melegomech00,nhìn bt 30 
killuan42,60
thuraaung023,30
user4851136794100,15
darius.florea,
user2463265306810,30
y2x827,330cm
nodscidgamma,
tgxyxxhc,
jere.hn,60
luuucifer_04,15 سنتيم
csavarbalint,15
pavel_commiasr,
giovannizanella77,15
enzoo_dp,15 et 30
megasigmatim,так 2 вариант даже легче
matfishing_06700,15 club
userakez6rrfez,30
linjun03,30cm is the turtle high
dosyjan,косындар
dosyjan,тас 315 черепаха 15чётамба
psgbi,15
kamelot1992,черепаха 15см
juntangshiya,đầu 15 sau 30
minidrive1305,beides 15 cm
nuckyntal,60
makinosakai96,nhiều ng nói 30 đc hay á có 15 à cái đá có phải 300 đâu mà nói như đúng r trình độ tốt ko cần hỏi có đi hc ko  
dr..yusupov,поднялся черепаха красавчик 
walter.o.lima,15cm
amongusi22,33030030
aaanimekatze,15
fox52757,аб300 2аб330 б300а 2а300а330 а33030030
almightydemon,y  высота камня х  рост черепахи и ещё важное условие y  x  наглядно видно на рисунке  составим систему уравнений 1 y  x  300 2 y  x  330  домножим это уравнение на 1  1 y  x  300 2 y  x  330 сложим уравнения системы управлений получаем  y  y  x  x   30 2x  30  x  15 подставим в 1 y  15  300  y  315 ответ  15315
violaseredinska,30
kuki845,
jaeyeol_10,30
user17478504,2 камінь 330
b1rbeyfendi,15
andriyplitka,15
leeyoungbokfelix19,picture 1 30cm picture 2 15cm
amusaev6,60
12ich21,60cm
mr_sever_,15 вроде
ariel_gmc,
ariel_gmc,
islambekovvv_,первы фото 60
loren29292,15
kinala_amr,15
maks21376960,60 cm
margorittocappa,130 260
fx_kokocuk,15 если черепаху убрать с 1 то камень будет 315 и на камень поставить черепаху будет 330
elian_arts988,30 si la tortuga y la piedra son 300 30 la tortuga y 270 la piedra con 2 tortugas 330
josue.ramos714,15
weyyyna2,15 30
zooaril,15
verinika36,15
lightninglosing,15 см ответ
fahri_wahsa,270cm
nnnujung,15
_bot_00016,160 230
vilka_bla0001,это до черепахи 1 или от земли
user1201931536103,
zarsaxrp25h,30
vasylkrutiy1999,30
komen_son,хз вроде 45
leebngcj,
gabrielbautistaibarbalz,0 533030015 por método de reducción saque esta fórmula
max327808,60
ayxo.gwx,vvs son diferentes medidas la primera es 315 y 15 y la segunda es 300 y 300
sigma.dad14,15
sydsuperstar,15 
zigus_06,đây nhé h1 chỉ tính từ đầu rùa đến đỉnh cục đá là 300 h2 từ dưới cục đá đi lên đỉnh con rùa là 330  con rùa 15 cục đá 315 nhé
blockstrike363,15
htareishweyee8,p1  15 cm
lunaa03.am,
sadmusic2360,bằng 15
degraptor5,в 1 30 во 2 15
kyritos3,ảnh 2 chỉ cần lấy 330300
leevingene,first pic is 60cm second is 30cm
j1nx061,в любом случае мы узнаем значение роста черепахи
lucacangemi3,da igual si hay una tortuga entre la piedra o no ambas mediciones parten del suelo hasta la piedra asi que sigan despejando x porque planos no interpretaron en sus vidas
vqho6,bỏ 2 con rùa ra lấy 330  300 rồi chia cho 2 con rùa 5 giải thích đơn giản cho mấy anh mấy anh ra 30 rồi lập pt màu mè còn chửi ngta nữa mắc mệt
blue_tigre0,1 60 2 30
penikmatkopi444,masih bingung gambar 1 gimana hasilnya anggap tinggi kura2 30m berarti tinggi batu 270m kura2 naik hitung ketinggian dari dasar jadi 330m
bl4ckberry_blackmic,pues si altura debería ser de 30 cm siento que con este comentario saldré en un vídeo del calzosqui 
monstr_t,
axe_tol,
so2439,15
ta.lla33,15
.tiktok.com723,nghĩ đơn giản thôi đó là 30
whois4ymen,15
jorge_nionaldo,wey saque me de la duda pensé q era 30 pero la medida es desde la tortuga de abajo y ahora creo q es 15
nur_2013.04.10,1  30030270 2 3003030270 3 30
lokomatoko,15
pocopica3,en la primera imagen supongamos que la tortuga mide 15 y la piedra se mide 300cm desde la cabeza de esta la piedra medirá 315 y cuando la tortuga está arriba es 330
keyla_maxmudo,es lo mismo
cleobryleziervo,
penaldo1100,3302x300 x15 cm
d20040322,si sabes que en vez de ese calculo solo hace falta mirar bien para ver que al sobrar 30 son 15 arriba y 15 abajo en la segunda imagen siendo solo 15 se ve a simple vista sin hacer tanto calculo
miguelenciso7834,15
dunja_gajic,30
kauauchiha07,30 cm
ssh.pedro,as 2 são 15
sandraq.j,60
aldair.412,
cronado08,a resposta da primeira e 15 e da segunda e 30
tanon11991,เต่า60 คิดไรเยอะแยะ ดูลูกศรดีดีดิ
eainthmuekoko7772,
xf1v.y,pq usan uso de la x y de la y  si con una sumita basta
dennischen58,15
crna_fnzs,xy300 1 xyy 330 x330 2 1 dans 2 330  y  300 y  330300 y 30
viangantengbangetsekali,15 cm
gigangelo2.1,30
josep_cuenta_normal,en la primera 30 y en la segunda 15
deniz_mag,15
_bf_tavio_101,30
prostiotec,xкамень yчерепаха 1 xyxy300330630 xyxy630 2x630 x6302315 xy330 y330x33031515 2 xyy330 x330 xy330y300 y30
ypad28,15 cm
tinasii1502,hình 1 15cm hình 2 30cm đúng hay sai áp số vô là biết liền
ender_2003,hình 2 nó tính từ đầu con rùa chứ ko phải tính từ mặt đất nên là 15 nha nhìn ko kĩ cứ tính từ mặt đất đi lên nên ra 30  chứ nó là 15 à
funny_osssscaaaaaaa,so easy
uros8574,15cm
ignis_aqua,cest pareil nan 
zumo.de.pia82,primera imagen 15 y segunda 30
das_greuel,1 60 2 30
hey_alexia1,im on spring break leave me alone
mdz__333,15
sergio.rodrigues168,60
sr.rafis,70
neele_nene5,60
anno1082,second pic i x300y ii x330yx  i xy300 ii y330 ii in i x330300 x30
egeaking1234,usas hardest quetion
gezadia2.1,15
shveps22,15
dibilirt,
koichan.09,bằng 15cm đúng không
zzgur,60
itamarcom31,60
ub120.dbbdw8,300мм
12vias,es 15
farukbaskan3,60
notsogibberish,1st pic 300tr 330rt 330300tt 3303002t t15 2nd pic 300tr 330ttr 330ttt300 330300ttt t30
skibidikyaohio,30
jossel2107,la tortuga vale 15cm
perfumandolavida5,15 cm
apokzld1,
pup.taiga,turtel  60 
lucile_imagine,3303002 15
ttemmyyy,15 cm è laltezza della tartaruga
maressarmlima,15
carloavveniente,748kg
user4867547868342,60см черепаха 
jozsef891,15
61._poyraz_.61,15
danil_perfilyev,черепаха 15
user15240137695344,300330
teegor_,15
domenicoferr,300
ttandev,tortilla 15 rock 315
gnikrtg,15
martna3112,30
toba_fn10,15
abdulabarznji750,30
iliuziar,15
erenatiks4,nung nakuha na ung sagot kopyahan na eh sheesh mentality
passat_maringa,15
namir_0121,115 230
geleia9273,60
gex72cc,30
_.masty._,60
juli19631,bild 115cm bild 230cm
1_patrikkirtap_1,15 is the only answer
edicson.guzman,240
chloemayes7,
antonioluiz116,15 cm
tapok3936,так угарно что люди не понимают что с черепахой что без гора 330 а дальше уже и первоклашки решить могут
mariamg4r,mt300 mt300 m300t 300tt330 2t330300 2t30 t15 m315
u87.vv,الحجر 315 السلحفاة 15
ami_mak1,15
kc755977,60 cm
em4ys._._,x  y  300 x  y  330 donc y  15
joselg1206,la tortuga mide 50cm la piedra 280 cm
gladbachfan32,15cm
atanas.vakrilov,60 см
jomsviking.thorrson,15 
user6819576367412,
skm0n22,the rock is 315cm and the turtle 15
lauri_love00,⁶⁰
evelengoncalves_,pedra  tartaruga  300 pedra  tartaruga  330 pedra  300  tartaruga 300  2 tartaruga  330 tartaruga  15
sdr200_200,1 230
shadow_blade12341,поясню завтра только напомните а то мне сейчас лень
vj_kian,both 30cm
carloserivas207,1 15cm 2 30cm
taigermas,pic1 165 cm pic2 30cm
user4604175885713,żółw15cm
usereydsm5ki5h,тут 0 
bzasjonlotk,15 
stefan_lwd.058,15cm
manu3l1213,creo que 10 0 20
dyaqod9fjpp8,15 
deiberyefreyperez,15
sabamatiashvili2,30
achilllllllle,elle fais 15 cm la tortue et 315 le cailloux
belloli__07,15
trodocat,x  300  330  x 2x  300  330 2x  30 x  15 the turtle is 15 cm
jnatka,15
curvy85girl,15 cm
chouwy79,15
outsem,15
_rizottosan_,составим систему уравнений ху300 2ху330 выразим у из первого уравнения у300х подставим во второе уравнение 2х300х330 х330300 х30
gogol947,15
anthony_hoarau,15
tate1222t,270 30
loganbes0,30cm prove me wrong
noabelmino,30
a05160597,2 hình 2 đề khác nhau à
user830148723,la prima 15 la seconda 30
hujgdymamwywalonewcie,15
iv.kameni,60
colenow_2,15
brawldayn0,15
yordanova359,its 15
ph1lhoz,15
rara_musa1,1 15 230
la.valex_,15
.shadow00000,15
izabellabalogh73,60cm
dy5r1sc8xx0w,15
user72230970036735,15
bali3.0,10
kolya.kudash,30 см
hoan6624,2 bức hình 2 đáp án xrùa yđá h1 x300 y xy 330  xx300330 xx300330 2x30 x 15 y315 h2 x300y  yx300 x330xy  y330 vs 2 pt trên ta có x30 y330
xyska2,15 тасбақа тас 315
betapvestickman1,gọi chiều cao rùa là x ta có x300330x giải phương trinh trên như sau 2x300330 suy ra 2x30 suy ra x15 vậy rùa cao 15cm đá cao 315 cm sai làm dog
il.bro947,x  y  300 x  y  330 x  300  y 300 y  y  330 300  2y  330 2y  30 y 15
ayanakoji772,xxy330 y330 and yx300 x30
mattschonewille,15
hi251756,15
bojanstojanovski763,20
the_real_mirror,4 хештег это типо iq
mischka.zetmn,60
prjatli4,30
._485491,30
saiki.jr18,
winrrr1,60
1938_shems,15
sofietorstensson,30
5ragna7,уху330 х330 330у300 у30
a.k91914,1 15 2 30
dorianw56100,15 cm
aliahmed2024tr,15
vicich1,черепаха так и осталась 30 в первом случае камень 300 плюсом черепаха 330 во втором случае камень так же 300 но вот что интересно отсчитывают от головы черепахи и так же остаётся 330 но камень
nhathichbanhang,hình 1 đặt rùa là x cm  đá ycm  y  x  300 y  x  330  x 15  y 315 hình 2 đặt rùa là x cm  đá ycm y  x  300 y  x  x 330  x  30  y  330
umbet_,хх300330 2х330300 2х30 х230 х15
omivigo,15
phuc.27.10.2011,30 cm nhìn kĩ đi con rùa trong hình 1 đặt ngang khối đá ko ảnh hưởng tới chiều cao
user2oi66dfzbc,330xy 300xy 330x300x 330300xx 302x 302x x15
oltean.ioan7,15
jo20274,je comprends pas cest quoi la différence  expliquezmoi
vakh089,так это же ещё легче 
datdat460,ae xem kĩ đi đừng bị đề bài đánh lừa thi giác h1 nó chỉ từ đá đến đầu còn rùa còn hình 2 từ đầu rùa xuống đáy luôn nên là 15 chứ ko phải 30
bestoffalles,15cm100
zz_tobi_zz,15
kaksausah,ist 60
phamlao2402,30
tiktokpowiadomienie.0o7,0
xun.bch.l1,15 chuẩn ko ad
tetapsilon,1 15cm 2 30cm
mrk_143,60cm
user69404861955704,60
_lucifer_068,первое фото 60 второе 30
daniel.villar146,vcs precisam fazer conta pra saber que é 15 
daniel.villar146,15
megara467,15
2908capybara,60 cm
lena_glotova83,15
aye.myat.kyaw1,15
userack12345,15cm
carg393,15
matthias181,15 cm
enricobradmaffiol,3002x330 2x330300 2x30 x15
anton.bln21,15cm
rios__16,mide 15 cm digo
_.natalismus._,15
j.k.777777,15
new1120862,15
catkiller542,
primelolso01,15 cm
costilhasdesousapt,15cm e 30cm
rbert.timr0,60cm
ubai_d1llah,60 fr
bananapolo32,15
campur1234567,60 real
ribike3,the picture 2 its harder
thaiquy03,khổ quá 2 hình khác nhau
tinus_159,15
lenthanhnam27,cái t thắc mắc là sao con rùa nó trèo đc lên cục đá đấy
bandi9204,30cm
ella_onhullu,its 60cm
barni9242,60cm30cm
gin._.senzatonic,30
amari_.king,60cm
gazadki123,30
aurelosztafin,30
n_i_i_f,ow 15
n_i_i_f,60
xiatao37,15
ignaciodlr,imagen 1 x15 cm imagen 2 x10 cm
voldigoat999,its on one 15 and also at the second picture 
natangalia1,30
charliejoy_0495,15 cm
mrk__lla,
alessandro_chimenti,15
dibecollo,15
andreadeangelis21,
savage_doge4,15
chat20232,simple 15
dino.nugget71,60 hä
uli_x_x_12,15
user1429683925281,300x 300×
user3663509961221,15
angelogenito86,15
maj_siatka,30
the_smallcreator,60 wth
nodzz8,
b.079.2011,15
mi.chiamo.anna77,15
humtie5,how do people get 15 on the first one  its 60
noah.pro86,60
bartekmarzec312,60 cm
.robloxx007,20 см
florin.geana4,30 cm
meteoktay3,15 cm
ilegendfox,15
anyoneunder20isafart,15
yahyabendrhourhi,15
daanc452,30 easy
anabelenrodrigu11,por aquí los que decimos 60cm
koky_453,30
timfg824,330x300×  2x30  x15  turtle
ala_mroweczka_13,polska ile 1 a ile 2
luckytkm8j0,30 see height of the rock
timo_s11,60
zloypubgmobile7,15
eli733517,30mm
khng.c.tn8668,60 cm
luna2b12,30
m1k341111,15
imran_bjj1,300х330 х30
densi46,
vn.quoc.truong,em cãi
blacky_aaa,15 и 30
aung_khant20,0
el_xd7907,115 230
virginia.cortegos,15
jemappellefati7,je suis aller chercher une règle
jarussattayamook,3002เต่า  330
marina.paras4,15
omrialmalhi,15
van.dinh_tran,2x300330 x là rùa r giải
macouillassee,2x  300  330  330300 30  2x  302 x donc x  15 cm
teestla,
wilmadejesus60,30
panatha1908_2412,270
dvalquemist,yroca  xtortuga  330 yx  300 restando x  x  2x  30 x  15 y  315
itz_me_mia01,15
huyquangmai24,bài toán tổng hiệu
huyquangmai24,15
milanmihaly04,15
lola_mchl14,30
giovannijbautista,
jeongjihun5848,15
esteban.gabco0,30 cm
hypix08,60
francescogambard95,15
mdl598,30 cm
didzisburmistrs20,15cm
kayhaenel17,15
simon_ds,15
autoooos2,15 because first picture it goes from top till the turtle and second one it goes from the whole turtle to the bottom and that is 330 so bang
